"","ID","Description","setSize","enrichmentScore","NES","pvalue","p.adjust","qvalue","rank","leading_edge","core_enrichment"
"1","hsa00010","Glycolysis / Gluconeogenesis",10,-0.746577786588699,-2.53833316622988,4.26123777323734e-05,0.00204539413115392,0.00174935024375006,116,"tags=90%, list=21%, signal=72%","226/5223/2023/2597/3939/2821/5230/5315/2026"
"2","hsa04141","Protein processing in endoplasmic reticulum",17,-0.572307619745247,-2.4390846311413,0.000211032717417409,0.00410926086710839,0.00351449942581638,39,"tags=41%, list=7%, signal=39%","7494/3309/3337/23645/1649/9709/10808"
"3","hsa01200","Carbon metabolism",10,-0.694183864915572,-2.36019602971068,0.000256828804194274,0.00410926086710839,0.00351449942581638,174,"tags=100%, list=32%, signal=69%","7086/226/5223/2023/2597/2821/5230/5315/2026"
"4","hsa04621","NOD-like receptor signaling pathway",12,0.716276633587851,1.99207671557586,0.00066838306573737,0.00802059678884844,0.00685972093783091,17,"tags=33%, list=3%, signal=33%","115362/115361/2633/6772"
"5","hsa04066","HIF-1 signaling pathway",13,-0.546501020083949,-2.07004406520199,0.00261654765754827,0.0251188575124634,0.0214832333988174,124,"tags=77%, list=23%, signal=61%","5605/226/2872/2023/2597/3939/5230/54583/2026/6513"
"6","hsa04810","Regulation of actin cytoskeleton",13,-0.511320754716981,-1.93678777315713,0.00607426092763564,0.0485940874210851,0.0415607326627701,273,"tags=100%, list=50%, signal=51%","1072/60/5499/10095/10627/10109/3689/9138/10163/5605/5880/87"
