"","ID","Description","setSize","enrichmentScore","NES","pvalue","p.adjust","qvalue","rank","leading_edge","core_enrichment"
"1","hsa04660","T cell receptor signaling pathway",10,0.817180467470008,2.3064056432388,2.98025313737534e-05,0.00226499238440526,0.00194500731070812,75,"tags=80%, list=14%, signal=70%","2353/3725/27040/915/916/919/4792/3932"
"2","hsa04621","NOD-like receptor signaling pathway",21,-0.629876898779983,-1.98578888379413,0.000557207504741627,0.0211738851801818,0.0181825606810426,98,"tags=62%, list=19%, signal=52%","3665/6773/114769/8767/834/837/2634/6772/115361/115362/3576/2633/3553"
