"","ID","Description","setSize","enrichmentScore","NES","pvalue","p.adjust","qvalue","rank","leading_edge","core_enrichment"
"1","hsa03010","Ribosome",44,-0.698783769166985,-3.4018863453256,1e-10,1.03e-08,8.63157894736842e-09,249,"tags=95%, list=30%, signal=71%","25873/6188/6230/6208/6147/6137/6202/6170/6164/6233/6122/6139/6227/6232/9349/6205/6187/7311/6146/6138/3921/6125/6194/4736/6224/6218/6155/6167/6144/6189/6169/6157/6128/6181/6124/6168/23521/6217/6204/6235/100529239/6192"
"2","hsa05171","Coronavirus disease - COVID-19",54,-0.516935809533877,-2.62593089457647,6.80134527844489e-08,3.50269281839912e-06,2.93531743596043e-06,235,"tags=87%, list=28%, signal=67%","6188/6230/6208/6147/6137/6202/6170/6164/6233/6122/6139/6227/6232/9349/6205/6187/7311/6146/6138/3921/6125/6194/4736/6224/6218/6155/6167/6144/6189/6169/6157/103/6128/6181/6124/6168/10379/23521/6773/6217/6204/6235/4938/100529239/9636/6772/6192"
"3","hsa04926","Relaxin signaling pathway",11,0.740669114623316,2.08184492777872,0.000791856086747984,0.0271870589783474,0.0227832277590648,42,"tags=45%, list=5%, signal=44%","2353/7422/7423/3725/2778"
"4","hsa04010","MAPK signaling pathway",23,0.576651054836781,2.01460793967531,0.00122375398516331,0.0315116651179553,0.0264073228377347,69,"tags=35%, list=8%, signal=33%","2353/1843/7422/7423/1649/3725/3727/4609"
