"","ID","Description","setSize","enrichmentScore","NES","pvalue","p.adjust","qvalue","rank","leading_edge","core_enrichment"
"1","hsa00010","Glycolysis / Gluconeogenesis",15,-0.639455782312925,-2.11272443755348,0.00089742188414038,0.0210894142772989,0.0184207649902499,175,"tags=100%, list=38%, signal=64%","5236/226/7167/2597/2821/5230/2023/3939/5214/3098/230/5315/3099/2026"
"2","hsa01200","Carbon metabolism",15,-0.639455782312925,-2.11272443755348,0.00089742188414038,0.0210894142772989,0.0184207649902499,175,"tags=100%, list=38%, signal=64%","226/7167/6472/7086/2597/2821/5230/2023/5214/3098/230/5315/3099/2026"
