"","ID","Description","setSize","enrichmentScore","NES","pvalue","p.adjust","qvalue","rank","leading_edge","core_enrichment"
"1","hsa00010","Glycolysis / Gluconeogenesis",10,-0.640776699029126,-1.91600418266044,0.00314231311632264,0.0157115655816132,0.00992309405154519,85,"tags=100%, list=39%, signal=64%","7167/226/2597/3939/2023/5315/5230/2821/2026"
"2","hsa01200","Carbon metabolism",10,-0.640776699029126,-1.91600418266044,0.00314231311632264,0.0157115655816132,0.00992309405154519,85,"tags=100%, list=39%, signal=64%","7167/226/7086/2597/2023/5315/5230/2821/2026"
