"","ID","Description","setSize","enrichmentScore","NES","pvalue","p.adjust","qvalue","rank","leading_edge","core_enrichment"
"1","hsa03010","Ribosome",39,-0.678744921768621,-3.02240564671583,1e-10,4.7e-09,4.10526315789474e-09,130,"tags=92%, list=32%, signal=69%","25873/6201/6129/6233/6139/6164/6202/6147/7311/6146/6125/6138/6205/6155/6224/4736/6144/6167/6194/3921/6187/6169/6181/6218/6189/9349/6128/6168/6204/6124/6157/6235/6217/23521/100529239/6192"
"2","hsa05171","Coronavirus disease - COVID-19",46,-0.463241260145945,-2.15740970776842,0.000148644447168496,0.00349314450845965,0.00305112286293228,130,"tags=85%, list=32%, signal=65%","25873/6201/6129/6233/6139/6164/6202/6147/7311/6146/6125/6138/6205/6155/6224/4736/6144/6167/6194/3921/6187/6169/6181/6218/6189/9636/9349/6128/6168/6204/6124/6157/6235/6217/23521/10379/100529239/6772/6192"
"3","hsa04621","NOD-like receptor signaling pathway",11,-0.689498592391611,-2.08834534449417,0.00115327787531663,0.0180680200466271,0.0157816972411749,39,"tags=55%, list=10%, signal=51%","10379/2634/115361/2633/115362/6772"
"4","hsa04010","MAPK signaling pathway",15,0.650075072840233,2.04104300509385,0.00176307823550562,0.020716169267191,0.0180947503117682,69,"tags=60%, list=17%, signal=52%","2353/1843/7422/7423/3725/1649/3727/4609/5595"
"5","hsa04926","Relaxin signaling pathway",10,0.692914890572589,1.91650606454899,0.00454140250545523,0.0426891835512792,0.0372873047816325,69,"tags=60%, list=17%, signal=51%","2353/7422/7423/3725/2778/5595"
